<?xml version="1.0" encoding="UTF-8"?>
<project-private xmlns="http://www.netbeans.org/ns/project-private/1">
    <editor-bookmarks xmlns="http://www.netbeans.org/ns/editor-bookmarks/2" lastBookmarkId="0"/>
    <open-files xmlns="http://www.netbeans.org/ns/projectui-open-files/2">
        <group>
            <file>file:/C:/Users/alex_/OneDrive/Documentos/NetBeansProjects/Punto%20de%20ventas/src/punto/de/ventas/PuntoDeVentas.java</file>
            <file>file:/C:/Users/alex_/OneDrive/Documentos/NetBeansProjects/Punto%20de%20ventas/src/View/Sistema.java</file>
            <file>file:/C:/Users/alex_/OneDrive/Documentos/NetBeansProjects/Punto%20de%20ventas/src/View/Productos.java</file>
        </group>
    </open-files>
</project-private>
